,Bios,Year,Major_Dept,Ambition,Goals,Music,Sports,Friday_Nights,School_balance,Movie_Genres,Social_Style,Transfer
0,Friendly web ninja. Zombie practitioner. General travel lover. Reader.,4,4,1,1,3,2,1,1,1,2,2
1,Hipster-friendly thinker. Food expert. Travel guru. Bacon practitioner. Introvert. Amateur zombie enthusiast.,2,6,2,2,2,7,2,1,11,1,1
2,Communicator. Unable to type with boxing gloves on. Typical web scholar. Tv lover.,2,7,3,2,1,6,1,2,4,2,1
3,Infuriatingly humble bacon enthusiast. Amateur beer maven. General tv practitioner. Web ninja.,3,6,3,2,5,2,2,2,10,3,1
4,Unapologetic internet lover. Baconaholic. Proud social media ninja. Food nerd. Award-winning twitter practitioner.,3,3,1,1,8,7,1,2,10,3,1
5,Evil gamer. Music practitioner. Amateur social media lover. Food buff. Extreme zombie geek.,2,3,3,1,8,6,1,1,6,1,2
6,Pop culture scholar. Passionate alcohol practitioner. Troublemaker.,1,4,2,2,1,2,1,3,7,1,2
7,Professional alcohol expert. Internet enthusiast. Freelance social media lover. Travel maven.,4,1,2,2,1,6,1,1,2,3,1
8,Devoted zombie trailblazer. Travel aficionado. Pop culture practitioner. Passionate internetaholic.,4,7,3,1,3,7,1,2,6,2,1
9,Zombie scholar. Alcohol aficionado. Incurable twitter lover. Student. Coffee enthusiast. Total web practitioner. Music guru.,2,2,1,2,7,4,1,3,1,3,2
10,Bacon aficionado. Travel fan. Tv expert. Certified organizer. Hipster-friendly twitter geek.,1,4,2,1,3,1,1,3,4,1,2
11,Internet ninja. Total web practitioner. Lifelong twitter specialist. Writer. Friendly troublemaker.,1,7,3,2,2,5,1,1,8,1,2
12,Creator. Subtly charming introvert. Entrepreneur. Professional tv ninja.,4,6,3,1,7,9,1,2,1,1,2
13,Social media lover. Passionate web nerd. Beer junkie. Hardcore creator. Friendly foodaholic. Pop culture geek.,1,8,3,1,7,9,1,2,1,2,1
14,Proud organizer. Evil zombie specialist. Travel practitioner. Web scholar. Lifelong explorer. Music enthusiast.,2,3,1,1,9,6,1,3,3,1,1
15,Friendly web ninja. Zombie practitioner. General travel lover. Reader.,4,8,1,2,5,8,2,3,6,3,1
16,Hipster-friendly thinker. Food expert. Travel guru. Bacon practitioner. Introvert. Amateur zombie enthusiast.,3,8,3,1,5,1,1,3,9,1,1
17,Communicator. Unable to type with boxing gloves on. Typical web scholar. Tv lover.,1,6,1,2,7,2,2,3,11,3,2
18,Infuriatingly humble bacon enthusiast. Amateur beer maven. General tv practitioner. Web ninja.,4,1,3,2,3,8,2,3,6,2,2
19,Unapologetic internet lover. Baconaholic. Proud social media ninja. Food nerd. Award-winning twitter practitioner.,1,6,3,2,6,4,2,2,2,3,1
20,Evil gamer. Music practitioner. Amateur social media lover. Food buff. Extreme zombie geek.,4,1,2,1,9,9,1,3,6,2,2
21,Pop culture scholar. Passionate alcohol practitioner. Troublemaker.,2,2,3,1,3,5,1,2,10,2,1
22,Professional alcohol expert. Internet enthusiast. Freelance social media lover. Travel maven.,4,5,1,2,4,8,2,3,11,1,1
23,Devoted zombie trailblazer. Travel aficionado. Pop culture practitioner. Passionate internetaholic.,1,7,2,2,5,1,2,3,5,2,2
24,Zombie scholar. Alcohol aficionado. Incurable twitter lover. Student. Coffee enthusiast. Total web practitioner. Music guru.,1,6,1,1,10,6,2,3,2,1,1
25,Bacon aficionado. Travel fan. Tv expert. Certified organizer. Hipster-friendly twitter geek.,4,3,1,2,6,7,1,1,7,2,1
26,Internet ninja. Total web practitioner. Lifelong twitter specialist. Writer. Friendly troublemaker.,1,7,3,2,1,9,1,2,8,2,2
27,Creator. Subtly charming introvert. Entrepreneur. Professional tv ninja.,3,5,2,2,8,8,1,2,10,1,2
28,Social media lover. Passionate web nerd. Beer junkie. Hardcore creator. Friendly foodaholic. Pop culture geek.,2,3,3,2,6,10,2,1,7,3,1
29,Proud organizer. Evil zombie specialist. Travel practitioner. Web scholar. Lifelong explorer. Music enthusiast.,1,1,1,2,2,4,2,2,4,1,1
30,Friendly web ninja. Zombie practitioner. General travel lover. Reader.,1,6,1,1,3,1,1,3,9,2,1
31,Hipster-friendly thinker. Food expert. Travel guru. Bacon practitioner. Introvert. Amateur zombie enthusiast.,3,3,2,1,9,6,2,1,9,3,2
32,Communicator. Unable to type with boxing gloves on. Typical web scholar. Tv lover.,4,5,2,1,5,9,2,1,1,1,2
33,Infuriatingly humble bacon enthusiast. Amateur beer maven. General tv practitioner. Web ninja.,1,2,1,2,4,8,2,3,9,3,1
34,Unapologetic internet lover. Baconaholic. Proud social media ninja. Food nerd. Award-winning twitter practitioner.,4,2,3,2,3,4,1,3,4,1,1
35,Evil gamer. Music practitioner. Amateur social media lover. Food buff. Extreme zombie geek.,1,4,3,2,3,7,2,1,6,1,2
36,Pop culture scholar. Passionate alcohol practitioner. Troublemaker.,3,5,3,2,3,1,2,1,1,3,1
37,Professional alcohol expert. Internet enthusiast. Freelance social media lover. Travel maven.,3,7,2,2,4,7,1,2,10,2,1
38,Devoted zombie trailblazer. Travel aficionado. Pop culture practitioner. Passionate internetaholic.,2,8,3,1,10,3,1,1,3,2,1
39,Zombie scholar. Alcohol aficionado. Incurable twitter lover. Student. Coffee enthusiast. Total web practitioner. Music guru.,3,3,2,1,10,5,1,3,2,1,2
40,Bacon aficionado. Travel fan. Tv expert. Certified organizer. Hipster-friendly twitter geek.,3,5,2,1,4,9,2,1,4,2,2
41,Internet ninja. Total web practitioner. Lifelong twitter specialist. Writer. Friendly troublemaker.,2,2,2,2,6,4,2,3,7,3,1
42,Creator. Subtly charming introvert. Entrepreneur. Professional tv ninja.,1,5,3,1,10,7,2,2,8,1,2
43,Social media lover. Passionate web nerd. Beer junkie. Hardcore creator. Friendly foodaholic. Pop culture geek.,1,2,3,2,1,1,1,3,1,3,1
44,Proud organizer. Evil zombie specialist. Travel practitioner. Web scholar. Lifelong explorer. Music enthusiast.,3,7,1,1,6,3,1,3,3,3,2
45,Friendly web ninja. Zombie practitioner. General travel lover. Reader.,2,6,1,2,10,4,1,3,3,3,2
46,Hipster-friendly thinker. Food expert. Travel guru. Bacon practitioner. Introvert. Amateur zombie enthusiast.,3,1,2,1,7,8,2,3,5,1,2
47,Communicator. Unable to type with boxing gloves on. Typical web scholar. Tv lover.,1,4,2,1,4,5,1,2,4,3,2
48,Infuriatingly humble bacon enthusiast. Amateur beer maven. General tv practitioner. Web ninja.,2,6,1,1,10,9,2,1,11,3,2
49,Unapologetic internet lover. Baconaholic. Proud social media ninja. Food nerd. Award-winning twitter practitioner.,3,7,2,2,8,1,1,1,7,2,2
50,Evil gamer. Music practitioner. Amateur social media lover. Food buff. Extreme zombie geek.,3,1,3,1,9,4,2,1,6,2,1
51,Pop culture scholar. Passionate alcohol practitioner. Troublemaker.,1,5,3,1,2,1,1,3,3,1,2
52,Professional alcohol expert. Internet enthusiast. Freelance social media lover. Travel maven.,2,1,2,1,8,10,2,3,6,1,1
53,Devoted zombie trailblazer. Travel aficionado. Pop culture practitioner. Passionate internetaholic.,1,7,2,1,10,4,1,1,1,3,1
54,Zombie scholar. Alcohol aficionado. Incurable twitter lover. Student. Coffee enthusiast. Total web practitioner. Music guru.,3,6,2,2,5,3,1,3,3,3,2
55,Bacon aficionado. Travel fan. Tv expert. Certified organizer. Hipster-friendly twitter geek.,4,4,3,1,6,8,2,2,1,1,2
56,Internet ninja. Total web practitioner. Lifelong twitter specialist. Writer. Friendly troublemaker.,3,8,3,2,9,10,1,3,4,2,2
57,Creator. Subtly charming introvert. Entrepreneur. Professional tv ninja.,3,2,2,2,5,2,1,3,7,1,2
58,Social media lover. Passionate web nerd. Beer junkie. Hardcore creator. Friendly foodaholic. Pop culture geek.,1,6,2,1,4,4,1,2,11,3,1
59,Proud organizer. Evil zombie specialist. Travel practitioner. Web scholar. Lifelong explorer. Music enthusiast.,2,3,1,2,6,10,1,2,3,3,1
60,Friendly web ninja. Zombie practitioner. General travel lover. Reader.,1,2,2,1,5,4,2,3,6,3,2
61,Hipster-friendly thinker. Food expert. Travel guru. Bacon practitioner. Introvert. Amateur zombie enthusiast.,1,8,2,1,10,5,2,2,11,1,2
62,Communicator. Unable to type with boxing gloves on. Typical web scholar. Tv lover.,4,3,1,1,10,4,1,2,8,1,2
63,Infuriatingly humble bacon enthusiast. Amateur beer maven. General tv practitioner. Web ninja.,1,1,2,2,3,3,2,3,4,3,2
64,Unapologetic internet lover. Baconaholic. Proud social media ninja. Food nerd. Award-winning twitter practitioner.,2,3,1,2,10,2,2,3,9,1,1
65,Evil gamer. Music practitioner. Amateur social media lover. Food buff. Extreme zombie geek.,3,4,1,1,10,5,2,2,3,3,1
66,Pop culture scholar. Passionate alcohol practitioner. Troublemaker.,2,1,2,2,6,7,1,2,4,3,2
67,Professional alcohol expert. Internet enthusiast. Freelance social media lover. Travel maven.,2,6,2,2,10,10,2,2,10,3,1
68,Devoted zombie trailblazer. Travel aficionado. Pop culture practitioner. Passionate internetaholic.,3,3,1,2,4,4,1,2,9,2,1
69,Zombie scholar. Alcohol aficionado. Incurable twitter lover. Student. Coffee enthusiast. Total web practitioner. Music guru.,4,2,2,2,4,3,1,1,1,1,2
70,Bacon aficionado. Travel fan. Tv expert. Certified organizer. Hipster-friendly twitter geek.,3,4,2,2,3,4,2,3,4,1,1
71,Internet ninja. Total web practitioner. Lifelong twitter specialist. Writer. Friendly troublemaker.,1,5,1,1,5,2,1,1,8,1,2
72,Creator. Subtly charming introvert. Entrepreneur. Professional tv ninja.,2,5,2,1,10,6,2,2,1,2,2
73,Social media lover. Passionate web nerd. Beer junkie. Hardcore creator. Friendly foodaholic. Pop culture geek.,1,8,2,1,8,4,2,2,2,1,2
74,Proud organizer. Evil zombie specialist. Travel practitioner. Web scholar. Lifelong explorer. Music enthusiast.,4,4,1,1,8,2,2,1,10,1,2
75,Friendly web ninja. Zombie practitioner. General travel lover. Reader.,1,1,1,1,9,2,1,2,1,1,2
76,Hipster-friendly thinker. Food expert. Travel guru. Bacon practitioner. Introvert. Amateur zombie enthusiast.,4,1,3,1,4,9,1,2,1,1,1
77,Communicator. Unable to type with boxing gloves on. Typical web scholar. Tv lover.,1,8,2,2,4,6,2,3,5,1,1
78,Infuriatingly humble bacon enthusiast. Amateur beer maven. General tv practitioner. Web ninja.,2,6,1,2,6,7,1,1,10,1,2
79,Unapologetic internet lover. Baconaholic. Proud social media ninja. Food nerd. Award-winning twitter practitioner.,4,2,1,1,4,7,2,3,3,1,1
80,Evil gamer. Music practitioner. Amateur social media lover. Food buff. Extreme zombie geek.,2,7,1,2,10,8,1,2,7,2,2
81,Pop culture scholar. Passionate alcohol practitioner. Troublemaker.,4,7,3,1,4,8,1,3,10,3,1
82,Professional alcohol expert. Internet enthusiast. Freelance social media lover. Travel maven.,3,7,3,1,2,9,2,3,6,1,1
83,Devoted zombie trailblazer. Travel aficionado. Pop culture practitioner. Passionate internetaholic.,3,5,3,2,5,6,1,3,2,2,2
84,Zombie scholar. Alcohol aficionado. Incurable twitter lover. Student. Coffee enthusiast. Total web practitioner. Music guru.,3,8,3,2,4,6,1,1,11,1,2
85,Bacon aficionado. Travel fan. Tv expert. Certified organizer. Hipster-friendly twitter geek.,3,5,2,2,8,3,1,1,5,2,2
86,Internet ninja. Total web practitioner. Lifelong twitter specialist. Writer. Friendly troublemaker.,2,2,2,2,4,8,2,2,7,1,1
87,Creator. Subtly charming introvert. Entrepreneur. Professional tv ninja.,1,3,2,2,9,7,1,3,4,1,2
88,Social media lover. Passionate web nerd. Beer junkie. Hardcore creator. Friendly foodaholic. Pop culture geek.,1,7,2,1,3,5,2,3,2,1,2
89,Proud organizer. Evil zombie specialist. Travel practitioner. Web scholar. Lifelong explorer. Music enthusiast.,4,1,1,2,9,6,2,2,11,1,2
90,Friendly web ninja. Zombie practitioner. General travel lover. Reader.,2,6,3,2,5,2,2,1,6,2,1
91,Hipster-friendly thinker. Food expert. Travel guru. Bacon practitioner. Introvert. Amateur zombie enthusiast.,1,1,3,1,5,1,2,3,5,1,2
92,Communicator. Unable to type with boxing gloves on. Typical web scholar. Tv lover.,1,1,1,1,1,6,2,3,5,2,2
93,Infuriatingly humble bacon enthusiast. Amateur beer maven. General tv practitioner. Web ninja.,2,3,1,1,9,9,2,2,5,3,1
94,Unapologetic internet lover. Baconaholic. Proud social media ninja. Food nerd. Award-winning twitter practitioner.,1,4,3,1,4,5,1,3,10,2,1
95,Evil gamer. Music practitioner. Amateur social media lover. Food buff. Extreme zombie geek.,1,1,1,1,10,1,2,3,6,3,1
96,Pop culture scholar. Passionate alcohol practitioner. Troublemaker.,3,8,1,2,7,6,2,3,1,3,1
97,Professional alcohol expert. Internet enthusiast. Freelance social media lover. Travel maven.,4,7,1,1,1,1,1,2,9,2,2
98,Devoted zombie trailblazer. Travel aficionado. Pop culture practitioner. Passionate internetaholic.,2,1,3,2,7,3,2,2,5,1,1
99,Zombie scholar. Alcohol aficionado. Incurable twitter lover. Student. Coffee enthusiast. Total web practitioner. Music guru.,3,1,3,2,2,4,1,2,11,2,2
100,Bacon aficionado. Travel fan. Tv expert. Certified organizer. Hipster-friendly twitter geek.,4,5,3,2,8,10,2,1,2,2,1
101,Internet ninja. Total web practitioner. Lifelong twitter specialist. Writer. Friendly troublemaker.,3,6,3,1,3,10,1,1,7,3,1
102,Creator. Subtly charming introvert. Entrepreneur. Professional tv ninja.,4,2,3,1,7,4,2,2,2,3,2
103,Social media lover. Passionate web nerd. Beer junkie. Hardcore creator. Friendly foodaholic. Pop culture geek.,1,5,3,2,3,7,1,3,4,3,2
104,Proud organizer. Evil zombie specialist. Travel practitioner. Web scholar. Lifelong explorer. Music enthusiast.,4,8,1,2,9,1,2,3,9,3,1
105,Friendly web ninja. Zombie practitioner. General travel lover. Reader.,1,6,1,1,10,8,2,3,3,2,2
106,Hipster-friendly thinker. Food expert. Travel guru. Bacon practitioner. Introvert. Amateur zombie enthusiast.,1,8,1,2,6,3,1,1,1,1,1
107,Communicator. Unable to type with boxing gloves on. Typical web scholar. Tv lover.,3,7,3,1,4,3,1,2,7,1,1
108,Infuriatingly humble bacon enthusiast. Amateur beer maven. General tv practitioner. Web ninja.,2,7,1,1,7,5,2,1,1,3,1
109,Unapologetic internet lover. Baconaholic. Proud social media ninja. Food nerd. Award-winning twitter practitioner.,2,5,2,1,4,9,2,1,8,1,1
110,Evil gamer. Music practitioner. Amateur social media lover. Food buff. Extreme zombie geek.,1,7,1,1,8,3,2,2,3,1,2
111,Pop culture scholar. Passionate alcohol practitioner. Troublemaker.,4,2,2,2,1,5,2,2,1,1,1
112,Professional alcohol expert. Internet enthusiast. Freelance social media lover. Travel maven.,2,3,1,1,4,10,1,2,2,2,2
113,Devoted zombie trailblazer. Travel aficionado. Pop culture practitioner. Passionate internetaholic.,4,4,3,2,4,3,1,3,7,1,1
114,Zombie scholar. Alcohol aficionado. Incurable twitter lover. Student. Coffee enthusiast. Total web practitioner. Music guru.,3,4,3,2,1,9,1,1,6,1,1
115,Bacon aficionado. Travel fan. Tv expert. Certified organizer. Hipster-friendly twitter geek.,1,4,3,1,8,10,1,3,5,2,2
116,Internet ninja. Total web practitioner. Lifelong twitter specialist. Writer. Friendly troublemaker.,3,4,3,1,9,2,1,3,3,1,2
117,Creator. Subtly charming introvert. Entrepreneur. Professional tv ninja.,3,3,3,2,2,3,2,3,1,1,2
118,Social media lover. Passionate web nerd. Beer junkie. Hardcore creator. Friendly foodaholic. Pop culture geek.,2,6,2,1,9,6,1,1,2,2,2
119,Proud organizer. Evil zombie specialist. Travel practitioner. Web scholar. Lifelong explorer. Music enthusiast.,1,6,3,1,2,2,1,3,1,3,1
120,Friendly web ninja. Zombie practitioner. General travel lover. Reader.,3,2,1,2,8,10,1,1,7,2,1
121,Hipster-friendly thinker. Food expert. Travel guru. Bacon practitioner. Introvert. Amateur zombie enthusiast.,1,4,1,1,8,10,1,2,3,3,1
122,Communicator. Unable to type with boxing gloves on. Typical web scholar. Tv lover.,2,5,2,1,5,7,2,1,8,2,1
123,Infuriatingly humble bacon enthusiast. Amateur beer maven. General tv practitioner. Web ninja.,3,6,3,2,1,6,2,1,8,3,2
124,Unapologetic internet lover. Baconaholic. Proud social media ninja. Food nerd. Award-winning twitter practitioner.,3,4,1,1,9,7,2,2,4,3,1
125,Evil gamer. Music practitioner. Amateur social media lover. Food buff. Extreme zombie geek.,1,7,3,2,5,10,1,1,6,2,1
126,Pop culture scholar. Passionate alcohol practitioner. Troublemaker.,1,8,2,1,2,5,1,1,10,2,2
127,Professional alcohol expert. Internet enthusiast. Freelance social media lover. Travel maven.,3,7,3,1,4,3,1,2,11,1,2
128,Devoted zombie trailblazer. Travel aficionado. Pop culture practitioner. Passionate internetaholic.,1,3,1,1,9,2,1,2,1,3,2
129,Zombie scholar. Alcohol aficionado. Incurable twitter lover. Student. Coffee enthusiast. Total web practitioner. Music guru.,3,2,3,1,3,6,1,3,1,2,1
130,Bacon aficionado. Travel fan. Tv expert. Certified organizer. Hipster-friendly twitter geek.,4,1,3,1,10,5,2,1,3,3,2
131,Internet ninja. Total web practitioner. Lifelong twitter specialist. Writer. Friendly troublemaker.,4,6,2,1,2,7,1,2,5,3,2
132,Creator. Subtly charming introvert. Entrepreneur. Professional tv ninja.,4,7,3,1,4,4,2,3,6,2,1
133,Social media lover. Passionate web nerd. Beer junkie. Hardcore creator. Friendly foodaholic. Pop culture geek.,3,1,2,2,7,2,2,2,2,2,2
134,Proud organizer. Evil zombie specialist. Travel practitioner. Web scholar. Lifelong explorer. Music enthusiast.,4,3,3,1,7,5,2,2,2,1,1
135,Friendly web ninja. Zombie practitioner. General travel lover. Reader.,2,4,2,1,1,3,2,2,2,3,1
136,Hipster-friendly thinker. Food expert. Travel guru. Bacon practitioner. Introvert. Amateur zombie enthusiast.,1,1,3,2,10,7,1,1,10,3,1
137,Communicator. Unable to type with boxing gloves on. Typical web scholar. Tv lover.,3,6,3,2,1,5,2,2,1,3,1
138,Infuriatingly humble bacon enthusiast. Amateur beer maven. General tv practitioner. Web ninja.,2,6,2,1,6,2,1,2,6,1,2
139,Unapologetic internet lover. Baconaholic. Proud social media ninja. Food nerd. Award-winning twitter practitioner.,3,5,1,2,1,7,2,3,3,1,1
140,Evil gamer. Music practitioner. Amateur social media lover. Food buff. Extreme zombie geek.,1,1,1,2,7,7,1,1,7,3,1
141,Pop culture scholar. Passionate alcohol practitioner. Troublemaker.,4,7,2,1,8,8,1,2,9,1,2
142,Professional alcohol expert. Internet enthusiast. Freelance social media lover. Travel maven.,4,3,3,2,5,5,2,3,10,1,1
143,Devoted zombie trailblazer. Travel aficionado. Pop culture practitioner. Passionate internetaholic.,3,6,2,1,10,8,2,1,8,2,2
144,Zombie scholar. Alcohol aficionado. Incurable twitter lover. Student. Coffee enthusiast. Total web practitioner. Music guru.,1,5,1,2,6,10,2,2,11,3,2
145,Bacon aficionado. Travel fan. Tv expert. Certified organizer. Hipster-friendly twitter geek.,2,7,3,2,8,3,2,1,1,2,2
146,Internet ninja. Total web practitioner. Lifelong twitter specialist. Writer. Friendly troublemaker.,2,1,1,1,3,10,2,3,5,3,1
147,Creator. Subtly charming introvert. Entrepreneur. Professional tv ninja.,4,7,1,2,6,1,1,1,4,1,1
148,Social media lover. Passionate web nerd. Beer junkie. Hardcore creator. Friendly foodaholic. Pop culture geek.,2,1,2,2,6,9,2,2,4,2,2
149,Proud organizer. Evil zombie specialist. Travel practitioner. Web scholar. Lifelong explorer. Music enthusiast.,2,7,1,2,6,8,2,3,4,2,1
150,Friendly web ninja. Zombie practitioner. General travel lover. Reader.,2,2,3,1,3,9,2,1,3,2,1
151,Hipster-friendly thinker. Food expert. Travel guru. Bacon practitioner. Introvert. Amateur zombie enthusiast.,2,7,2,2,1,2,1,1,4,3,1
152,Communicator. Unable to type with boxing gloves on. Typical web scholar. Tv lover.,1,3,3,1,5,3,1,3,2,2,2
153,Infuriatingly humble bacon enthusiast. Amateur beer maven. General tv practitioner. Web ninja.,4,7,1,1,4,7,1,3,8,3,1
154,Unapologetic internet lover. Baconaholic. Proud social media ninja. Food nerd. Award-winning twitter practitioner.,3,8,2,1,2,1,1,2,10,1,2
155,Evil gamer. Music practitioner. Amateur social media lover. Food buff. Extreme zombie geek.,3,8,2,2,6,9,1,3,7,3,2
156,Pop culture scholar. Passionate alcohol practitioner. Troublemaker.,1,7,2,1,2,6,1,1,9,3,1
157,Professional alcohol expert. Internet enthusiast. Freelance social media lover. Travel maven.,2,2,2,2,2,7,2,1,5,1,2
158,Devoted zombie trailblazer. Travel aficionado. Pop culture practitioner. Passionate internetaholic.,4,1,2,1,6,9,1,2,11,3,1
159,Zombie scholar. Alcohol aficionado. Incurable twitter lover. Student. Coffee enthusiast. Total web practitioner. Music guru.,4,6,2,1,6,8,2,3,9,1,1
160,Bacon aficionado. Travel fan. Tv expert. Certified organizer. Hipster-friendly twitter geek.,3,7,1,2,4,1,1,3,4,1,1
161,Internet ninja. Total web practitioner. Lifelong twitter specialist. Writer. Friendly troublemaker.,1,2,3,2,2,10,2,3,8,3,1
162,Creator. Subtly charming introvert. Entrepreneur. Professional tv ninja.,4,6,2,1,3,4,1,3,9,1,1
163,Social media lover. Passionate web nerd. Beer junkie. Hardcore creator. Friendly foodaholic. Pop culture geek.,2,8,3,1,6,8,1,2,1,3,1
164,Proud organizer. Evil zombie specialist. Travel practitioner. Web scholar. Lifelong explorer. Music enthusiast.,3,2,1,2,2,5,2,3,8,3,2
165,Friendly web ninja. Zombie practitioner. General travel lover. Reader.,4,6,1,1,5,2,2,1,1,3,2
166,Hipster-friendly thinker. Food expert. Travel guru. Bacon practitioner. Introvert. Amateur zombie enthusiast.,2,2,1,1,3,4,1,2,4,1,2
167,Communicator. Unable to type with boxing gloves on. Typical web scholar. Tv lover.,3,2,2,1,8,3,1,1,9,2,2
168,Infuriatingly humble bacon enthusiast. Amateur beer maven. General tv practitioner. Web ninja.,4,5,3,2,8,8,2,2,1,3,2
169,Unapologetic internet lover. Baconaholic. Proud social media ninja. Food nerd. Award-winning twitter practitioner.,3,4,3,1,10,2,1,2,10,3,1
170,Evil gamer. Music practitioner. Amateur social media lover. Food buff. Extreme zombie geek.,1,3,3,1,10,3,2,1,9,2,2
171,Pop culture scholar. Passionate alcohol practitioner. Troublemaker.,3,7,3,2,10,5,1,2,6,1,2
172,Professional alcohol expert. Internet enthusiast. Freelance social media lover. Travel maven.,2,2,3,2,6,5,2,2,5,1,2
173,Devoted zombie trailblazer. Travel aficionado. Pop culture practitioner. Passionate internetaholic.,1,4,3,2,4,1,2,1,11,1,1
174,Zombie scholar. Alcohol aficionado. Incurable twitter lover. Student. Coffee enthusiast. Total web practitioner. Music guru.,1,8,1,2,9,10,1,2,5,3,2
175,Bacon aficionado. Travel fan. Tv expert. Certified organizer. Hipster-friendly twitter geek.,3,4,2,1,4,1,1,3,5,1,1
176,Internet ninja. Total web practitioner. Lifelong twitter specialist. Writer. Friendly troublemaker.,1,8,3,1,4,9,2,2,3,2,1
177,Creator. Subtly charming introvert. Entrepreneur. Professional tv ninja.,2,4,1,1,4,9,1,3,1,3,1
178,Social media lover. Passionate web nerd. Beer junkie. Hardcore creator. Friendly foodaholic. Pop culture geek.,1,7,3,1,6,9,1,3,8,3,2
179,Proud organizer. Evil zombie specialist. Travel practitioner. Web scholar. Lifelong explorer. Music enthusiast.,3,8,3,1,7,5,2,2,1,2,2
180,Friendly web ninja. Zombie practitioner. General travel lover. Reader.,1,7,1,2,6,10,1,1,10,1,1
181,Hipster-friendly thinker. Food expert. Travel guru. Bacon practitioner. Introvert. Amateur zombie enthusiast.,2,6,2,1,1,10,2,3,3,3,1
182,Communicator. Unable to type with boxing gloves on. Typical web scholar. Tv lover.,3,6,3,1,8,2,2,2,8,1,2
183,Infuriatingly humble bacon enthusiast. Amateur beer maven. General tv practitioner. Web ninja.,3,1,3,1,3,1,2,2,8,3,1
184,Unapologetic internet lover. Baconaholic. Proud social media ninja. Food nerd. Award-winning twitter practitioner.,3,7,3,2,10,2,1,2,11,3,1
185,Evil gamer. Music practitioner. Amateur social media lover. Food buff. Extreme zombie geek.,4,7,3,2,3,1,1,1,5,2,2
186,Pop culture scholar. Passionate alcohol practitioner. Troublemaker.,2,7,3,1,8,9,1,1,4,3,2
187,Professional alcohol expert. Internet enthusiast. Freelance social media lover. Travel maven.,2,2,3,1,2,9,1,1,1,2,1
188,Devoted zombie trailblazer. Travel aficionado. Pop culture practitioner. Passionate internetaholic.,2,8,2,1,1,1,2,3,8,2,2
189,Zombie scholar. Alcohol aficionado. Incurable twitter lover. Student. Coffee enthusiast. Total web practitioner. Music guru.,2,7,2,1,9,5,2,1,1,3,1
190,Bacon aficionado. Travel fan. Tv expert. Certified organizer. Hipster-friendly twitter geek.,3,7,2,1,9,2,2,2,5,2,2
191,Internet ninja. Total web practitioner. Lifelong twitter specialist. Writer. Friendly troublemaker.,1,2,3,1,1,2,1,2,2,2,1
192,Creator. Subtly charming introvert. Entrepreneur. Professional tv ninja.,2,4,3,2,9,7,1,2,9,2,2
193,Social media lover. Passionate web nerd. Beer junkie. Hardcore creator. Friendly foodaholic. Pop culture geek.,4,5,3,2,2,2,1,2,7,3,2
194,Proud organizer. Evil zombie specialist. Travel practitioner. Web scholar. Lifelong explorer. Music enthusiast.,1,1,3,1,7,7,2,1,11,2,1
195,Friendly web ninja. Zombie practitioner. General travel lover. Reader.,3,7,1,2,7,2,1,1,2,2,2
196,Hipster-friendly thinker. Food expert. Travel guru. Bacon practitioner. Introvert. Amateur zombie enthusiast.,4,5,3,1,8,2,1,1,9,2,2
197,Communicator. Unable to type with boxing gloves on. Typical web scholar. Tv lover.,4,2,1,1,4,6,1,2,2,1,2
198,Infuriatingly humble bacon enthusiast. Amateur beer maven. General tv practitioner. Web ninja.,3,7,1,1,5,10,2,2,9,2,1
199,Unapologetic internet lover. Baconaholic. Proud social media ninja. Food nerd. Award-winning twitter practitioner.,3,4,3,2,1,3,2,1,5,1,2
200,Evil gamer. Music practitioner. Amateur social media lover. Food buff. Extreme zombie geek.,1,5,3,2,10,3,2,3,1,1,2
201,Pop culture scholar. Passionate alcohol practitioner. Troublemaker.,2,8,3,2,2,6,2,3,11,3,2
202,Professional alcohol expert. Internet enthusiast. Freelance social media lover. Travel maven.,3,8,1,1,4,3,2,3,7,2,2
203,Devoted zombie trailblazer. Travel aficionado. Pop culture practitioner. Passionate internetaholic.,2,7,2,1,7,1,1,2,8,1,2
204,Zombie scholar. Alcohol aficionado. Incurable twitter lover. Student. Coffee enthusiast. Total web practitioner. Music guru.,1,7,2,2,7,8,1,2,7,3,1
205,Bacon aficionado. Travel fan. Tv expert. Certified organizer. Hipster-friendly twitter geek.,3,8,2,2,4,7,1,2,6,1,1
206,Internet ninja. Total web practitioner. Lifelong twitter specialist. Writer. Friendly troublemaker.,4,7,2,2,1,6,2,3,5,2,2
207,Creator. Subtly charming introvert. Entrepreneur. Professional tv ninja.,3,2,3,2,2,1,2,2,3,3,2
208,Social media lover. Passionate web nerd. Beer junkie. Hardcore creator. Friendly foodaholic. Pop culture geek.,4,4,3,1,7,7,1,1,7,2,1
209,Proud organizer. Evil zombie specialist. Travel practitioner. Web scholar. Lifelong explorer. Music enthusiast.,4,3,3,1,2,8,2,3,7,3,2
210,Friendly web ninja. Zombie practitioner. General travel lover. Reader.,1,7,2,2,9,9,1,3,4,1,2
211,Hipster-friendly thinker. Food expert. Travel guru. Bacon practitioner. Introvert. Amateur zombie enthusiast.,4,7,3,2,5,8,2,1,6,2,2
212,Communicator. Unable to type with boxing gloves on. Typical web scholar. Tv lover.,4,7,1,1,7,2,2,1,10,1,1
213,Infuriatingly humble bacon enthusiast. Amateur beer maven. General tv practitioner. Web ninja.,4,3,2,1,3,1,2,2,11,2,2
214,Unapologetic internet lover. Baconaholic. Proud social media ninja. Food nerd. Award-winning twitter practitioner.,3,2,3,2,7,9,1,2,9,2,2
215,Evil gamer. Music practitioner. Amateur social media lover. Food buff. Extreme zombie geek.,2,1,1,1,4,1,2,1,2,3,1
216,Pop culture scholar. Passionate alcohol practitioner. Troublemaker.,4,3,2,1,3,10,2,2,6,1,1
217,Professional alcohol expert. Internet enthusiast. Freelance social media lover. Travel maven.,3,8,2,1,5,1,2,1,5,1,2
218,Devoted zombie trailblazer. Travel aficionado. Pop culture practitioner. Passionate internetaholic.,4,1,3,1,6,7,2,3,7,3,2
219,Zombie scholar. Alcohol aficionado. Incurable twitter lover. Student. Coffee enthusiast. Total web practitioner. Music guru.,3,2,2,2,4,5,2,3,8,3,2
220,Bacon aficionado. Travel fan. Tv expert. Certified organizer. Hipster-friendly twitter geek.,2,7,1,2,3,9,1,1,4,2,2
221,Internet ninja. Total web practitioner. Lifelong twitter specialist. Writer. Friendly troublemaker.,1,6,1,2,7,5,2,2,1,3,1
222,Creator. Subtly charming introvert. Entrepreneur. Professional tv ninja.,3,5,2,1,6,9,1,3,8,2,2
223,Social media lover. Passionate web nerd. Beer junkie. Hardcore creator. Friendly foodaholic. Pop culture geek.,3,2,1,1,7,8,1,2,11,2,2
224,Proud organizer. Evil zombie specialist. Travel practitioner. Web scholar. Lifelong explorer. Music enthusiast.,1,8,1,2,5,5,2,3,3,3,2
225,Friendly web ninja. Zombie practitioner. General travel lover. Reader.,2,6,1,1,3,2,1,2,6,2,2
226,Hipster-friendly thinker. Food expert. Travel guru. Bacon practitioner. Introvert. Amateur zombie enthusiast.,3,7,1,1,3,1,1,1,8,2,2
227,Communicator. Unable to type with boxing gloves on. Typical web scholar. Tv lover.,4,8,3,1,6,1,2,3,5,3,2
228,Infuriatingly humble bacon enthusiast. Amateur beer maven. General tv practitioner. Web ninja.,4,1,2,1,2,10,2,1,5,3,2
229,Unapologetic internet lover. Baconaholic. Proud social media ninja. Food nerd. Award-winning twitter practitioner.,2,1,1,2,6,8,2,2,6,2,1
230,Evil gamer. Music practitioner. Amateur social media lover. Food buff. Extreme zombie geek.,3,5,1,2,7,3,1,3,7,3,1
231,Pop culture scholar. Passionate alcohol practitioner. Troublemaker.,3,4,3,2,5,6,2,1,1,1,1
232,Professional alcohol expert. Internet enthusiast. Freelance social media lover. Travel maven.,1,7,3,1,4,4,2,3,6,2,2
233,Devoted zombie trailblazer. Travel aficionado. Pop culture practitioner. Passionate internetaholic.,2,3,1,1,9,3,2,1,4,2,1
234,Zombie scholar. Alcohol aficionado. Incurable twitter lover. Student. Coffee enthusiast. Total web practitioner. Music guru.,2,5,3,1,7,7,2,2,8,1,2
235,Bacon aficionado. Travel fan. Tv expert. Certified organizer. Hipster-friendly twitter geek.,1,6,3,1,10,6,2,1,2,2,1
236,Internet ninja. Total web practitioner. Lifelong twitter specialist. Writer. Friendly troublemaker.,1,4,3,2,8,2,2,3,10,3,1
237,Creator. Subtly charming introvert. Entrepreneur. Professional tv ninja.,1,8,3,2,6,3,1,1,9,2,2
238,Social media lover. Passionate web nerd. Beer junkie. Hardcore creator. Friendly foodaholic. Pop culture geek.,4,1,3,1,4,3,2,3,3,1,2
239,Proud organizer. Evil zombie specialist. Travel practitioner. Web scholar. Lifelong explorer. Music enthusiast.,3,5,2,1,7,3,2,3,3,3,2
240,Friendly web ninja. Zombie practitioner. General travel lover. Reader.,3,3,3,2,9,5,1,1,7,3,1
241,Hipster-friendly thinker. Food expert. Travel guru. Bacon practitioner. Introvert. Amateur zombie enthusiast.,3,6,3,2,8,7,2,2,6,1,1
242,Communicator. Unable to type with boxing gloves on. Typical web scholar. Tv lover.,2,5,2,2,2,10,2,3,3,3,2
243,Infuriatingly humble bacon enthusiast. Amateur beer maven. General tv practitioner. Web ninja.,2,4,1,1,10,3,2,2,5,2,1
244,Unapologetic internet lover. Baconaholic. Proud social media ninja. Food nerd. Award-winning twitter practitioner.,2,7,3,1,3,7,2,1,7,1,2
245,Evil gamer. Music practitioner. Amateur social media lover. Food buff. Extreme zombie geek.,2,1,3,1,2,8,2,2,4,1,1
246,Pop culture scholar. Passionate alcohol practitioner. Troublemaker.,1,1,2,2,9,4,1,2,5,1,2
247,Professional alcohol expert. Internet enthusiast. Freelance social media lover. Travel maven.,1,7,1,1,9,3,2,3,10,2,2
248,Devoted zombie trailblazer. Travel aficionado. Pop culture practitioner. Passionate internetaholic.,3,4,2,2,2,7,1,1,11,3,2
249,Zombie scholar. Alcohol aficionado. Incurable twitter lover. Student. Coffee enthusiast. Total web practitioner. Music guru.,1,8,1,1,4,10,2,2,5,2,2
250,Bacon aficionado. Travel fan. Tv expert. Certified organizer. Hipster-friendly twitter geek.,4,1,3,1,8,1,1,1,1,3,1
251,Internet ninja. Total web practitioner. Lifelong twitter specialist. Writer. Friendly troublemaker.,1,7,1,2,8,1,2,2,2,3,2
252,Creator. Subtly charming introvert. Entrepreneur. Professional tv ninja.,2,7,2,2,3,2,1,3,6,3,2
253,Social media lover. Passionate web nerd. Beer junkie. Hardcore creator. Friendly foodaholic. Pop culture geek.,1,5,3,1,5,4,2,2,11,3,1
254,Proud organizer. Evil zombie specialist. Travel practitioner. Web scholar. Lifelong explorer. Music enthusiast.,3,7,1,1,4,6,1,3,7,3,2
255,Friendly web ninja. Zombie practitioner. General travel lover. Reader.,2,3,2,1,10,5,2,3,4,3,2
256,Hipster-friendly thinker. Food expert. Travel guru. Bacon practitioner. Introvert. Amateur zombie enthusiast.,2,3,1,2,5,10,1,2,6,3,1
257,Communicator. Unable to type with boxing gloves on. Typical web scholar. Tv lover.,3,3,2,2,2,10,2,3,1,1,2
258,Infuriatingly humble bacon enthusiast. Amateur beer maven. General tv practitioner. Web ninja.,4,5,1,2,1,2,1,2,9,1,1
259,Unapologetic internet lover. Baconaholic. Proud social media ninja. Food nerd. Award-winning twitter practitioner.,1,4,3,1,10,3,1,2,9,3,2
260,Evil gamer. Music practitioner. Amateur social media lover. Food buff. Extreme zombie geek.,1,7,2,1,1,9,2,1,10,3,1
261,Pop culture scholar. Passionate alcohol practitioner. Troublemaker.,4,4,1,2,1,7,1,2,7,1,1
262,Professional alcohol expert. Internet enthusiast. Freelance social media lover. Travel maven.,4,8,3,1,9,7,2,1,9,2,2
263,Devoted zombie trailblazer. Travel aficionado. Pop culture practitioner. Passionate internetaholic.,1,3,2,1,9,3,1,1,1,2,1
264,Zombie scholar. Alcohol aficionado. Incurable twitter lover. Student. Coffee enthusiast. Total web practitioner. Music guru.,2,7,1,2,3,2,2,1,2,2,2
265,Bacon aficionado. Travel fan. Tv expert. Certified organizer. Hipster-friendly twitter geek.,3,5,1,2,2,5,2,1,1,2,2
266,Internet ninja. Total web practitioner. Lifelong twitter specialist. Writer. Friendly troublemaker.,1,1,3,2,6,1,1,3,8,2,1
267,Creator. Subtly charming introvert. Entrepreneur. Professional tv ninja.,4,7,1,2,1,5,2,2,11,2,2
268,Social media lover. Passionate web nerd. Beer junkie. Hardcore creator. Friendly foodaholic. Pop culture geek.,3,6,1,1,3,5,1,2,1,1,1
269,Proud organizer. Evil zombie specialist. Travel practitioner. Web scholar. Lifelong explorer. Music enthusiast.,4,2,3,2,7,9,1,3,7,3,1
270,Friendly web ninja. Zombie practitioner. General travel lover. Reader.,4,6,3,1,1,9,2,2,9,1,1
271,Hipster-friendly thinker. Food expert. Travel guru. Bacon practitioner. Introvert. Amateur zombie enthusiast.,1,7,3,1,3,4,2,3,1,3,2
272,Communicator. Unable to type with boxing gloves on. Typical web scholar. Tv lover.,2,8,3,2,8,8,2,3,11,1,1
273,Infuriatingly humble bacon enthusiast. Amateur beer maven. General tv practitioner. Web ninja.,1,4,3,2,1,10,1,2,1,2,1
274,Unapologetic internet lover. Baconaholic. Proud social media ninja. Food nerd. Award-winning twitter practitioner.,2,4,1,1,1,9,1,3,4,3,2
275,Evil gamer. Music practitioner. Amateur social media lover. Food buff. Extreme zombie geek.,1,7,3,2,3,8,1,1,7,2,1
276,Pop culture scholar. Passionate alcohol practitioner. Troublemaker.,1,1,3,1,9,7,2,1,10,1,1
277,Professional alcohol expert. Internet enthusiast. Freelance social media lover. Travel maven.,4,8,2,2,4,2,1,2,11,3,1
278,Devoted zombie trailblazer. Travel aficionado. Pop culture practitioner. Passionate internetaholic.,1,4,3,2,1,5,2,2,3,1,2
279,Zombie scholar. Alcohol aficionado. Incurable twitter lover. Student. Coffee enthusiast. Total web practitioner. Music guru.,2,6,2,2,9,1,2,1,8,2,2
280,Bacon aficionado. Travel fan. Tv expert. Certified organizer. Hipster-friendly twitter geek.,2,6,1,2,5,7,1,3,6,2,1
281,Internet ninja. Total web practitioner. Lifelong twitter specialist. Writer. Friendly troublemaker.,3,1,3,2,4,10,2,1,10,3,1
282,Creator. Subtly charming introvert. Entrepreneur. Professional tv ninja.,3,7,1,1,10,6,2,3,5,2,2
283,Social media lover. Passionate web nerd. Beer junkie. Hardcore creator. Friendly foodaholic. Pop culture geek.,3,7,2,1,10,6,2,3,3,2,2
284,Proud organizer. Evil zombie specialist. Travel practitioner. Web scholar. Lifelong explorer. Music enthusiast.,1,7,2,2,8,2,2,2,2,3,2
285,Friendly web ninja. Zombie practitioner. General travel lover. Reader.,3,1,2,1,8,5,1,2,2,3,2
286,Hipster-friendly thinker. Food expert. Travel guru. Bacon practitioner. Introvert. Amateur zombie enthusiast.,3,4,3,1,1,2,1,2,2,3,2
287,Communicator. Unable to type with boxing gloves on. Typical web scholar. Tv lover.,4,2,1,2,4,3,2,2,4,3,2
288,Infuriatingly humble bacon enthusiast. Amateur beer maven. General tv practitioner. Web ninja.,2,6,3,1,6,5,1,2,6,1,1
289,Unapologetic internet lover. Baconaholic. Proud social media ninja. Food nerd. Award-winning twitter practitioner.,2,6,3,2,3,2,1,3,5,1,2
290,Evil gamer. Music practitioner. Amateur social media lover. Food buff. Extreme zombie geek.,2,3,1,2,9,7,2,1,1,3,2
291,Pop culture scholar. Passionate alcohol practitioner. Troublemaker.,1,2,3,1,6,6,2,1,6,1,1
292,Professional alcohol expert. Internet enthusiast. Freelance social media lover. Travel maven.,4,3,1,1,9,9,1,1,1,3,1
293,Devoted zombie trailblazer. Travel aficionado. Pop culture practitioner. Passionate internetaholic.,1,8,1,2,10,2,2,2,4,3,2
294,Zombie scholar. Alcohol aficionado. Incurable twitter lover. Student. Coffee enthusiast. Total web practitioner. Music guru.,4,5,2,1,3,5,2,3,10,1,2
295,Bacon aficionado. Travel fan. Tv expert. Certified organizer. Hipster-friendly twitter geek.,3,8,1,2,1,2,1,3,11,3,1
296,Internet ninja. Total web practitioner. Lifelong twitter specialist. Writer. Friendly troublemaker.,1,6,3,2,5,6,1,2,5,1,1
297,Creator. Subtly charming introvert. Entrepreneur. Professional tv ninja.,1,4,1,2,7,2,2,1,7,3,2
298,Social media lover. Passionate web nerd. Beer junkie. Hardcore creator. Friendly foodaholic. Pop culture geek.,4,1,1,1,8,3,2,3,2,3,2
299,Proud organizer. Evil zombie specialist. Travel practitioner. Web scholar. Lifelong explorer. Music enthusiast.,4,1,3,2,4,5,2,1,5,2,1
300,Friendly web ninja. Zombie practitioner. General travel lover. Reader.,4,3,2,2,7,3,1,3,4,2,2
301,Hipster-friendly thinker. Food expert. Travel guru. Bacon practitioner. Introvert. Amateur zombie enthusiast.,4,5,2,1,2,3,2,3,6,2,2
302,Communicator. Unable to type with boxing gloves on. Typical web scholar. Tv lover.,2,5,1,1,7,5,2,1,8,3,1
303,Infuriatingly humble bacon enthusiast. Amateur beer maven. General tv practitioner. Web ninja.,1,8,3,2,4,4,1,2,4,3,1
304,Unapologetic internet lover. Baconaholic. Proud social media ninja. Food nerd. Award-winning twitter practitioner.,4,8,1,1,3,10,1,1,6,2,2
305,Evil gamer. Music practitioner. Amateur social media lover. Food buff. Extreme zombie geek.,3,3,2,1,1,5,2,3,8,1,1
306,Pop culture scholar. Passionate alcohol practitioner. Troublemaker.,2,5,3,1,6,6,1,3,4,2,1
307,Professional alcohol expert. Internet enthusiast. Freelance social media lover. Travel maven.,4,2,3,2,7,6,1,1,11,1,1
308,Devoted zombie trailblazer. Travel aficionado. Pop culture practitioner. Passionate internetaholic.,3,6,2,2,6,9,2,2,9,3,1
309,Zombie scholar. Alcohol aficionado. Incurable twitter lover. Student. Coffee enthusiast. Total web practitioner. Music guru.,3,3,3,1,3,5,1,2,7,2,2
310,Bacon aficionado. Travel fan. Tv expert. Certified organizer. Hipster-friendly twitter geek.,3,3,1,1,9,8,2,3,7,3,1
311,Internet ninja. Total web practitioner. Lifelong twitter specialist. Writer. Friendly troublemaker.,4,5,2,2,1,2,2,3,5,3,2
312,Creator. Subtly charming introvert. Entrepreneur. Professional tv ninja.,3,6,3,2,3,8,2,1,7,3,1
313,Social media lover. Passionate web nerd. Beer junkie. Hardcore creator. Friendly foodaholic. Pop culture geek.,1,5,2,2,10,9,1,2,8,2,1
314,Proud organizer. Evil zombie specialist. Travel practitioner. Web scholar. Lifelong explorer. Music enthusiast.,3,2,2,1,5,7,1,3,11,2,1
315,Friendly web ninja. Zombie practitioner. General travel lover. Reader.,2,2,2,1,10,8,1,1,7,3,2
316,Hipster-friendly thinker. Food expert. Travel guru. Bacon practitioner. Introvert. Amateur zombie enthusiast.,2,4,1,1,8,5,2,2,8,2,2
317,Communicator. Unable to type with boxing gloves on. Typical web scholar. Tv lover.,4,5,2,2,3,3,2,1,3,1,2
318,Infuriatingly humble bacon enthusiast. Amateur beer maven. General tv practitioner. Web ninja.,4,2,1,2,4,3,1,3,4,3,2
319,Unapologetic internet lover. Baconaholic. Proud social media ninja. Food nerd. Award-winning twitter practitioner.,2,3,2,1,2,4,2,3,4,3,2
320,Evil gamer. Music practitioner. Amateur social media lover. Food buff. Extreme zombie geek.,2,2,1,1,2,10,2,1,10,3,2
321,Pop culture scholar. Passionate alcohol practitioner. Troublemaker.,4,7,2,1,1,10,2,3,2,2,2
322,Professional alcohol expert. Internet enthusiast. Freelance social media lover. Travel maven.,3,1,1,2,7,9,2,1,8,1,1
323,Devoted zombie trailblazer. Travel aficionado. Pop culture practitioner. Passionate internetaholic.,4,5,3,2,4,3,2,3,9,3,1
324,Zombie scholar. Alcohol aficionado. Incurable twitter lover. Student. Coffee enthusiast. Total web practitioner. Music guru.,1,5,3,2,9,4,2,3,2,3,2
325,Bacon aficionado. Travel fan. Tv expert. Certified organizer. Hipster-friendly twitter geek.,2,7,2,2,9,6,1,2,1,1,1
326,Internet ninja. Total web practitioner. Lifelong twitter specialist. Writer. Friendly troublemaker.,1,3,1,1,6,2,2,3,10,1,2
327,Creator. Subtly charming introvert. Entrepreneur. Professional tv ninja.,1,8,1,2,10,9,2,3,6,3,1
328,Social media lover. Passionate web nerd. Beer junkie. Hardcore creator. Friendly foodaholic. Pop culture geek.,4,4,3,2,4,4,1,2,10,1,2
329,Proud organizer. Evil zombie specialist. Travel practitioner. Web scholar. Lifelong explorer. Music enthusiast.,4,5,1,1,10,1,2,1,9,3,1
330,Friendly web ninja. Zombie practitioner. General travel lover. Reader.,2,2,3,2,5,3,2,3,7,1,1
331,Hipster-friendly thinker. Food expert. Travel guru. Bacon practitioner. Introvert. Amateur zombie enthusiast.,3,6,3,2,4,1,1,1,1,1,2
332,Communicator. Unable to type with boxing gloves on. Typical web scholar. Tv lover.,3,7,3,1,8,5,2,2,7,3,2
333,Infuriatingly humble bacon enthusiast. Amateur beer maven. General tv practitioner. Web ninja.,3,6,2,1,4,10,1,2,3,1,1
334,Unapologetic internet lover. Baconaholic. Proud social media ninja. Food nerd. Award-winning twitter practitioner.,2,4,2,2,4,4,2,2,5,3,1
335,Evil gamer. Music practitioner. Amateur social media lover. Food buff. Extreme zombie geek.,2,3,1,1,5,1,1,3,11,1,2
336,Pop culture scholar. Passionate alcohol practitioner. Troublemaker.,3,7,1,1,1,2,1,2,3,1,2
337,Professional alcohol expert. Internet enthusiast. Freelance social media lover. Travel maven.,1,5,1,2,6,4,1,3,5,3,2
338,Devoted zombie trailblazer. Travel aficionado. Pop culture practitioner. Passionate internetaholic.,2,1,3,2,1,9,1,2,10,3,1
339,Zombie scholar. Alcohol aficionado. Incurable twitter lover. Student. Coffee enthusiast. Total web practitioner. Music guru.,3,4,3,1,6,10,2,1,7,1,1
340,Bacon aficionado. Travel fan. Tv expert. Certified organizer. Hipster-friendly twitter geek.,2,5,1,2,5,10,2,2,7,2,2
341,Internet ninja. Total web practitioner. Lifelong twitter specialist. Writer. Friendly troublemaker.,4,2,1,2,3,6,1,2,11,1,1
342,Creator. Subtly charming introvert. Entrepreneur. Professional tv ninja.,2,6,1,1,3,8,2,3,2,3,2
343,Social media lover. Passionate web nerd. Beer junkie. Hardcore creator. Friendly foodaholic. Pop culture geek.,1,6,3,1,2,5,2,1,2,1,2
344,Proud organizer. Evil zombie specialist. Travel practitioner. Web scholar. Lifelong explorer. Music enthusiast.,4,8,1,2,6,3,1,1,8,3,1
345,Web fan. Typical alcohol practitioner. Avid coffee maven. Proud beer ninja. Gamer. Pop culture scholar.,3,6,1,2,9,10,1,2,2,1,2
346,Friend of animals everywhere. Coffee maven. Professional food trailblazer. Twitter buff.,4,1,2,2,3,5,2,3,4,3,2
347,Analyst. Pop culture geek. Travel expert. Amateur social media maven. Freelance twitter fanatic.,1,7,2,2,3,5,2,1,7,2,1
348,Communicator. Bacon scholar. Extreme alcohol buff. Beer geek. Student. Social media lover. Amateur food fanatic.,4,8,2,2,3,1,2,1,6,1,1
349,Award-winning web nerd. Wannabe bacon junkie. Incurable reader. Analyst. Certified tv lover. Unapologetic creator.,4,6,3,2,10,1,2,2,9,2,1
350,Troublemaker. Devoted tv junkie. Bacon scholar. Total web ninja. Professional coffee fanatic.,4,2,2,2,1,6,1,2,10,2,2
351,Food geek. Zombie lover. Subtly charming musicaholic. Unapologetic writer. Evil internet junkie.,2,4,1,2,5,1,1,3,10,2,1
352,Avid music evangelist. Twitter aficionado. Zombie maven. Wannabe alcohol geek. Lifelong bacon trailblazer.,4,5,2,2,6,8,2,3,3,3,1
353,Problem solver. Proud music guru. Amateur internet geek. Food evangelist. Unapologetic bacon lover.,2,2,1,1,2,3,2,1,4,3,1
354,Typical alcohol evangelist. Hardcore beer nerd. Pop culture aficionado. Infuriatingly humble tv buff. Coffee expert.,1,1,2,1,7,7,1,1,6,2,2
355,Explorer. Web scholar. Music lover. Infuriatingly humble beer fanatic.,4,2,3,2,10,9,2,1,8,3,2
356,Pop culture ninja. Travel trailblazer. Food enthusiast. Unapologetic explorer.,4,7,3,2,5,2,2,2,4,2,1
357,Typical zombie evangelist. Twitter guru. Tv geek. Avid pop culture buff. Explorer. Thinker. Proud troublemaker.,3,4,1,1,3,6,2,1,2,2,1
358,Gamer. Friendly baconaholic. Tv junkie. Twitter enthusiast. Writer. Wannabe travel buff. Award-winning music advocate.,2,6,3,1,9,9,2,2,6,1,1
359,Certified music scholar. Internet fanatic. Pop culture maven. Infuriatingly humble social media buff. Bacon specialist.,2,3,3,2,7,2,2,1,11,1,2
360,Web fan. Typical alcohol practitioner. Avid coffee maven. Proud beer ninja. Gamer. Pop culture scholar.,1,2,1,2,1,9,1,2,9,3,2
361,Friend of animals everywhere. Coffee maven. Professional food trailblazer. Twitter buff.,2,7,3,1,10,6,1,3,1,2,1
362,Analyst. Pop culture geek. Travel expert. Amateur social media maven. Freelance twitter fanatic.,4,6,1,1,8,4,1,1,6,1,2
363,Communicator. Bacon scholar. Extreme alcohol buff. Beer geek. Student. Social media lover. Amateur food fanatic.,1,3,3,1,3,5,2,1,5,1,1
364,Award-winning web nerd. Wannabe bacon junkie. Incurable reader. Analyst. Certified tv lover. Unapologetic creator.,2,7,3,1,8,10,2,3,3,3,1
365,Troublemaker. Devoted tv junkie. Bacon scholar. Total web ninja. Professional coffee fanatic.,4,5,2,2,7,4,2,2,9,3,1
366,Food geek. Zombie lover. Subtly charming musicaholic. Unapologetic writer. Evil internet junkie.,1,2,3,1,1,8,1,1,4,2,1
367,Avid music evangelist. Twitter aficionado. Zombie maven. Wannabe alcohol geek. Lifelong bacon trailblazer.,3,1,3,1,9,10,2,3,4,2,2
368,Problem solver. Proud music guru. Amateur internet geek. Food evangelist. Unapologetic bacon lover.,1,7,1,1,4,1,1,2,8,1,2
369,Typical alcohol evangelist. Hardcore beer nerd. Pop culture aficionado. Infuriatingly humble tv buff. Coffee expert.,2,8,3,2,3,2,1,3,1,1,1
370,Explorer. Web scholar. Music lover. Infuriatingly humble beer fanatic.,4,8,1,1,1,5,1,2,8,3,1
371,Pop culture ninja. Travel trailblazer. Food enthusiast. Unapologetic explorer.,4,3,2,2,2,1,1,2,7,2,1
372,Typical zombie evangelist. Twitter guru. Tv geek. Avid pop culture buff. Explorer. Thinker. Proud troublemaker.,1,2,3,2,10,3,2,1,3,1,1
373,Gamer. Friendly baconaholic. Tv junkie. Twitter enthusiast. Writer. Wannabe travel buff. Award-winning music advocate.,3,1,2,1,8,3,1,2,8,3,2
374,Certified music scholar. Internet fanatic. Pop culture maven. Infuriatingly humble social media buff. Bacon specialist.,2,5,2,2,7,10,2,1,8,1,2
375,Web fan. Typical alcohol practitioner. Avid coffee maven. Proud beer ninja. Gamer. Pop culture scholar.,1,7,1,2,7,2,2,1,11,2,1
376,Friend of animals everywhere. Coffee maven. Professional food trailblazer. Twitter buff.,1,2,1,2,9,8,2,3,2,2,2
377,Analyst. Pop culture geek. Travel expert. Amateur social media maven. Freelance twitter fanatic.,3,1,1,2,3,8,2,2,9,3,1
378,Communicator. Bacon scholar. Extreme alcohol buff. Beer geek. Student. Social media lover. Amateur food fanatic.,2,3,2,1,10,9,1,1,6,3,1
379,Award-winning web nerd. Wannabe bacon junkie. Incurable reader. Analyst. Certified tv lover. Unapologetic creator.,4,8,2,2,3,6,2,3,4,2,2
380,Troublemaker. Devoted tv junkie. Bacon scholar. Total web ninja. Professional coffee fanatic.,4,5,2,1,2,2,2,1,6,2,1
381,Food geek. Zombie lover. Subtly charming musicaholic. Unapologetic writer. Evil internet junkie.,4,8,3,1,4,9,2,1,4,2,2
382,Avid music evangelist. Twitter aficionado. Zombie maven. Wannabe alcohol geek. Lifelong bacon trailblazer.,4,4,1,2,5,3,2,3,4,2,2
383,Problem solver. Proud music guru. Amateur internet geek. Food evangelist. Unapologetic bacon lover.,4,2,3,1,8,5,1,3,9,2,2
384,Typical alcohol evangelist. Hardcore beer nerd. Pop culture aficionado. Infuriatingly humble tv buff. Coffee expert.,4,1,3,2,3,3,1,2,11,1,2
385,Explorer. Web scholar. Music lover. Infuriatingly humble beer fanatic.,1,6,1,1,9,10,1,1,6,2,1
386,Pop culture ninja. Travel trailblazer. Food enthusiast. Unapologetic explorer.,2,7,3,2,3,4,2,1,10,1,2
387,Typical zombie evangelist. Twitter guru. Tv geek. Avid pop culture buff. Explorer. Thinker. Proud troublemaker.,4,2,2,2,10,4,2,3,8,1,1
388,Gamer. Friendly baconaholic. Tv junkie. Twitter enthusiast. Writer. Wannabe travel buff. Award-winning music advocate.,3,7,3,1,8,2,2,1,10,2,1
389,Certified music scholar. Internet fanatic. Pop culture maven. Infuriatingly humble social media buff. Bacon specialist.,4,8,3,1,5,2,1,1,9,3,1
390,Web fan. Typical alcohol practitioner. Avid coffee maven. Proud beer ninja. Gamer. Pop culture scholar.,3,2,2,1,7,4,1,1,7,3,2
391,Friend of animals everywhere. Coffee maven. Professional food trailblazer. Twitter buff.,1,1,2,1,10,5,2,2,10,1,1
392,Analyst. Pop culture geek. Travel expert. Amateur social media maven. Freelance twitter fanatic.,2,7,1,2,8,3,1,2,9,1,1
393,Communicator. Bacon scholar. Extreme alcohol buff. Beer geek. Student. Social media lover. Amateur food fanatic.,2,7,1,2,10,7,1,1,6,1,1
394,Award-winning web nerd. Wannabe bacon junkie. Incurable reader. Analyst. Certified tv lover. Unapologetic creator.,4,3,2,2,5,4,1,3,4,1,1
395,Troublemaker. Devoted tv junkie. Bacon scholar. Total web ninja. Professional coffee fanatic.,3,6,3,2,2,5,1,1,2,3,1
396,Food geek. Zombie lover. Subtly charming musicaholic. Unapologetic writer. Evil internet junkie.,1,3,3,1,3,9,2,2,8,2,2
397,Avid music evangelist. Twitter aficionado. Zombie maven. Wannabe alcohol geek. Lifelong bacon trailblazer.,4,3,1,1,9,8,1,2,1,2,1
398,Problem solver. Proud music guru. Amateur internet geek. Food evangelist. Unapologetic bacon lover.,4,4,3,2,6,9,1,2,6,1,2
399,Typical alcohol evangelist. Hardcore beer nerd. Pop culture aficionado. Infuriatingly humble tv buff. Coffee expert.,1,4,2,1,4,4,2,1,9,3,1
400,Explorer. Web scholar. Music lover. Infuriatingly humble beer fanatic.,1,3,2,1,2,8,2,1,5,2,1
401,Pop culture ninja. Travel trailblazer. Food enthusiast. Unapologetic explorer.,1,1,3,2,1,5,1,2,9,2,1
402,Typical zombie evangelist. Twitter guru. Tv geek. Avid pop culture buff. Explorer. Thinker. Proud troublemaker.,4,4,1,1,9,8,1,3,4,3,1
403,Gamer. Friendly baconaholic. Tv junkie. Twitter enthusiast. Writer. Wannabe travel buff. Award-winning music advocate.,1,6,3,2,9,6,1,1,4,2,2
404,Certified music scholar. Internet fanatic. Pop culture maven. Infuriatingly humble social media buff. Bacon specialist.,2,1,2,2,1,6,1,2,9,3,2
405,Web fan. Typical alcohol practitioner. Avid coffee maven. Proud beer ninja. Gamer. Pop culture scholar.,4,3,3,2,10,4,1,3,3,2,2
406,Friend of animals everywhere. Coffee maven. Professional food trailblazer. Twitter buff.,4,8,3,2,5,2,2,1,7,2,2
407,Analyst. Pop culture geek. Travel expert. Amateur social media maven. Freelance twitter fanatic.,2,8,2,1,2,3,2,1,1,3,2
408,Communicator. Bacon scholar. Extreme alcohol buff. Beer geek. Student. Social media lover. Amateur food fanatic.,1,4,1,1,5,1,1,1,6,3,1
409,Award-winning web nerd. Wannabe bacon junkie. Incurable reader. Analyst. Certified tv lover. Unapologetic creator.,4,5,1,2,6,2,2,2,9,1,2
410,Troublemaker. Devoted tv junkie. Bacon scholar. Total web ninja. Professional coffee fanatic.,4,2,3,1,9,8,1,1,1,3,2
411,Food geek. Zombie lover. Subtly charming musicaholic. Unapologetic writer. Evil internet junkie.,4,6,2,1,3,4,1,3,7,1,1
412,Avid music evangelist. Twitter aficionado. Zombie maven. Wannabe alcohol geek. Lifelong bacon trailblazer.,1,5,3,1,4,1,1,3,11,3,2
413,Problem solver. Proud music guru. Amateur internet geek. Food evangelist. Unapologetic bacon lover.,2,6,1,1,3,7,1,2,9,1,1
414,Typical alcohol evangelist. Hardcore beer nerd. Pop culture aficionado. Infuriatingly humble tv buff. Coffee expert.,3,5,3,1,8,3,2,2,11,1,2
415,Explorer. Web scholar. Music lover. Infuriatingly humble beer fanatic.,4,1,1,1,4,1,2,3,5,3,2
416,Pop culture ninja. Travel trailblazer. Food enthusiast. Unapologetic explorer.,4,6,2,2,1,8,2,2,11,2,2
417,Typical zombie evangelist. Twitter guru. Tv geek. Avid pop culture buff. Explorer. Thinker. Proud troublemaker.,3,7,3,1,5,5,1,1,9,1,2
418,Gamer. Friendly baconaholic. Tv junkie. Twitter enthusiast. Writer. Wannabe travel buff. Award-winning music advocate.,3,1,1,2,10,9,1,1,7,3,1
419,Certified music scholar. Internet fanatic. Pop culture maven. Infuriatingly humble social media buff. Bacon specialist.,3,3,2,1,7,9,1,3,11,3,1
420,Web fan. Typical alcohol practitioner. Avid coffee maven. Proud beer ninja. Gamer. Pop culture scholar.,1,5,3,2,9,1,2,3,9,2,2
421,Friend of animals everywhere. Coffee maven. Professional food trailblazer. Twitter buff.,1,5,2,1,5,8,1,3,9,3,1
422,Analyst. Pop culture geek. Travel expert. Amateur social media maven. Freelance twitter fanatic.,1,4,3,1,9,3,2,3,11,3,2
423,Communicator. Bacon scholar. Extreme alcohol buff. Beer geek. Student. Social media lover. Amateur food fanatic.,2,8,2,1,6,3,2,1,2,3,2
424,Award-winning web nerd. Wannabe bacon junkie. Incurable reader. Analyst. Certified tv lover. Unapologetic creator.,1,1,1,1,9,10,1,3,1,3,1
425,Troublemaker. Devoted tv junkie. Bacon scholar. Total web ninja. Professional coffee fanatic.,4,5,2,2,9,5,2,2,8,1,1
426,Food geek. Zombie lover. Subtly charming musicaholic. Unapologetic writer. Evil internet junkie.,2,8,1,2,10,6,1,1,2,3,1
427,Avid music evangelist. Twitter aficionado. Zombie maven. Wannabe alcohol geek. Lifelong bacon trailblazer.,1,7,3,1,6,10,2,2,3,2,2
428,Problem solver. Proud music guru. Amateur internet geek. Food evangelist. Unapologetic bacon lover.,1,3,3,2,4,3,1,3,4,1,2
429,Typical alcohol evangelist. Hardcore beer nerd. Pop culture aficionado. Infuriatingly humble tv buff. Coffee expert.,4,3,3,1,10,7,1,1,7,1,2
430,Explorer. Web scholar. Music lover. Infuriatingly humble beer fanatic.,2,4,2,2,8,3,2,2,10,1,2
431,Pop culture ninja. Travel trailblazer. Food enthusiast. Unapologetic explorer.,4,7,2,2,4,6,2,3,7,2,2
432,Typical zombie evangelist. Twitter guru. Tv geek. Avid pop culture buff. Explorer. Thinker. Proud troublemaker.,1,2,1,1,2,6,2,1,7,2,1
433,Gamer. Friendly baconaholic. Tv junkie. Twitter enthusiast. Writer. Wannabe travel buff. Award-winning music advocate.,4,1,3,1,1,5,1,1,3,2,1
434,Certified music scholar. Internet fanatic. Pop culture maven. Infuriatingly humble social media buff. Bacon specialist.,1,8,1,2,6,2,1,1,3,3,1
435,Web fan. Typical alcohol practitioner. Avid coffee maven. Proud beer ninja. Gamer. Pop culture scholar.,4,5,2,2,9,7,2,1,4,1,2
436,Friend of animals everywhere. Coffee maven. Professional food trailblazer. Twitter buff.,3,6,1,2,8,8,1,2,8,2,1
437,Analyst. Pop culture geek. Travel expert. Amateur social media maven. Freelance twitter fanatic.,4,8,2,2,9,2,2,1,2,2,2
438,Communicator. Bacon scholar. Extreme alcohol buff. Beer geek. Student. Social media lover. Amateur food fanatic.,4,4,2,2,8,6,1,1,2,1,2
439,Award-winning web nerd. Wannabe bacon junkie. Incurable reader. Analyst. Certified tv lover. Unapologetic creator.,3,6,3,2,7,3,2,1,4,3,1
440,Troublemaker. Devoted tv junkie. Bacon scholar. Total web ninja. Professional coffee fanatic.,3,6,1,1,1,10,2,1,4,3,1
441,Food geek. Zombie lover. Subtly charming musicaholic. Unapologetic writer. Evil internet junkie.,3,6,1,1,8,3,2,1,4,2,1
442,Avid music evangelist. Twitter aficionado. Zombie maven. Wannabe alcohol geek. Lifelong bacon trailblazer.,1,6,2,1,6,2,1,3,9,2,1
443,Problem solver. Proud music guru. Amateur internet geek. Food evangelist. Unapologetic bacon lover.,1,5,1,1,8,10,1,3,4,2,2
444,Typical alcohol evangelist. Hardcore beer nerd. Pop culture aficionado. Infuriatingly humble tv buff. Coffee expert.,4,8,1,2,5,8,2,3,10,3,2
445,Explorer. Web scholar. Music lover. Infuriatingly humble beer fanatic.,1,3,2,2,4,7,2,3,7,3,2
446,Pop culture ninja. Travel trailblazer. Food enthusiast. Unapologetic explorer.,2,5,1,2,6,9,1,2,10,2,1
447,Typical zombie evangelist. Twitter guru. Tv geek. Avid pop culture buff. Explorer. Thinker. Proud troublemaker.,4,1,2,2,4,8,1,3,11,1,1
448,Gamer. Friendly baconaholic. Tv junkie. Twitter enthusiast. Writer. Wannabe travel buff. Award-winning music advocate.,1,8,1,1,10,10,1,1,1,2,1
449,Certified music scholar. Internet fanatic. Pop culture maven. Infuriatingly humble social media buff. Bacon specialist.,3,4,2,2,2,1,1,2,2,3,1
450,Web fan. Typical alcohol practitioner. Avid coffee maven. Proud beer ninja. Gamer. Pop culture scholar.,3,5,1,1,5,6,2,1,8,3,2
451,Friend of animals everywhere. Coffee maven. Professional food trailblazer. Twitter buff.,4,5,3,1,2,2,2,2,11,3,1
452,Analyst. Pop culture geek. Travel expert. Amateur social media maven. Freelance twitter fanatic.,1,2,1,2,5,2,2,3,8,1,1
453,Communicator. Bacon scholar. Extreme alcohol buff. Beer geek. Student. Social media lover. Amateur food fanatic.,2,7,1,1,2,10,1,1,11,3,2
454,Award-winning web nerd. Wannabe bacon junkie. Incurable reader. Analyst. Certified tv lover. Unapologetic creator.,1,5,2,1,7,3,1,1,5,3,2
455,Troublemaker. Devoted tv junkie. Bacon scholar. Total web ninja. Professional coffee fanatic.,4,4,1,2,5,9,2,2,11,2,1
456,Food geek. Zombie lover. Subtly charming musicaholic. Unapologetic writer. Evil internet junkie.,3,8,1,1,5,2,2,2,6,3,2
457,Avid music evangelist. Twitter aficionado. Zombie maven. Wannabe alcohol geek. Lifelong bacon trailblazer.,2,8,2,2,2,9,1,3,3,1,2
458,Problem solver. Proud music guru. Amateur internet geek. Food evangelist. Unapologetic bacon lover.,4,6,2,1,9,8,1,1,10,1,1
459,Typical alcohol evangelist. Hardcore beer nerd. Pop culture aficionado. Infuriatingly humble tv buff. Coffee expert.,4,8,1,1,10,3,1,3,10,3,2
460,Explorer. Web scholar. Music lover. Infuriatingly humble beer fanatic.,3,5,2,2,4,5,2,1,1,3,2
461,Pop culture ninja. Travel trailblazer. Food enthusiast. Unapologetic explorer.,3,2,1,1,3,8,1,2,9,1,1
462,Typical zombie evangelist. Twitter guru. Tv geek. Avid pop culture buff. Explorer. Thinker. Proud troublemaker.,4,4,2,2,7,9,2,2,4,2,1
463,Gamer. Friendly baconaholic. Tv junkie. Twitter enthusiast. Writer. Wannabe travel buff. Award-winning music advocate.,2,1,1,1,1,8,2,2,5,1,2
464,Certified music scholar. Internet fanatic. Pop culture maven. Infuriatingly humble social media buff. Bacon specialist.,1,6,3,1,6,9,1,2,3,3,2
465,Web fan. Typical alcohol practitioner. Avid coffee maven. Proud beer ninja. Gamer. Pop culture scholar.,3,8,2,2,3,3,1,2,10,2,2
466,Friend of animals everywhere. Coffee maven. Professional food trailblazer. Twitter buff.,3,5,2,1,8,5,1,3,2,1,1
467,Analyst. Pop culture geek. Travel expert. Amateur social media maven. Freelance twitter fanatic.,4,7,2,1,4,5,1,1,6,1,2
468,Communicator. Bacon scholar. Extreme alcohol buff. Beer geek. Student. Social media lover. Amateur food fanatic.,1,1,1,2,2,6,1,3,11,2,2
469,Award-winning web nerd. Wannabe bacon junkie. Incurable reader. Analyst. Certified tv lover. Unapologetic creator.,1,2,2,1,6,7,1,2,2,3,2
470,Troublemaker. Devoted tv junkie. Bacon scholar. Total web ninja. Professional coffee fanatic.,2,8,2,1,6,9,1,1,11,3,2
471,Food geek. Zombie lover. Subtly charming musicaholic. Unapologetic writer. Evil internet junkie.,4,1,2,1,8,8,2,2,10,2,2
472,Avid music evangelist. Twitter aficionado. Zombie maven. Wannabe alcohol geek. Lifelong bacon trailblazer.,1,3,2,1,10,2,1,2,10,1,1
473,Problem solver. Proud music guru. Amateur internet geek. Food evangelist. Unapologetic bacon lover.,1,7,1,2,5,3,2,3,8,3,1
474,Typical alcohol evangelist. Hardcore beer nerd. Pop culture aficionado. Infuriatingly humble tv buff. Coffee expert.,2,3,3,1,2,1,1,2,7,3,2
475,Explorer. Web scholar. Music lover. Infuriatingly humble beer fanatic.,2,1,2,2,4,2,1,1,10,3,1
476,Pop culture ninja. Travel trailblazer. Food enthusiast. Unapologetic explorer.,2,4,3,2,2,7,1,1,10,1,1
477,Typical zombie evangelist. Twitter guru. Tv geek. Avid pop culture buff. Explorer. Thinker. Proud troublemaker.,4,5,3,2,9,10,2,2,10,1,1
478,Gamer. Friendly baconaholic. Tv junkie. Twitter enthusiast. Writer. Wannabe travel buff. Award-winning music advocate.,4,4,3,2,2,6,1,1,8,2,2
479,Certified music scholar. Internet fanatic. Pop culture maven. Infuriatingly humble social media buff. Bacon specialist.,3,4,3,1,7,3,2,1,3,3,2
480,Web fan. Typical alcohol practitioner. Avid coffee maven. Proud beer ninja. Gamer. Pop culture scholar.,2,2,2,2,1,7,2,2,11,1,2
481,Friend of animals everywhere. Coffee maven. Professional food trailblazer. Twitter buff.,2,1,1,2,3,1,2,1,9,3,2
482,Analyst. Pop culture geek. Travel expert. Amateur social media maven. Freelance twitter fanatic.,1,1,2,2,4,7,2,2,5,1,1
483,Communicator. Bacon scholar. Extreme alcohol buff. Beer geek. Student. Social media lover. Amateur food fanatic.,4,6,1,1,7,6,1,1,5,2,1
484,Award-winning web nerd. Wannabe bacon junkie. Incurable reader. Analyst. Certified tv lover. Unapologetic creator.,4,8,2,1,5,1,2,1,9,1,2
485,Troublemaker. Devoted tv junkie. Bacon scholar. Total web ninja. Professional coffee fanatic.,1,8,3,2,10,3,2,2,1,1,1
486,Food geek. Zombie lover. Subtly charming musicaholic. Unapologetic writer. Evil internet junkie.,1,4,1,1,2,2,2,3,4,2,2
487,Avid music evangelist. Twitter aficionado. Zombie maven. Wannabe alcohol geek. Lifelong bacon trailblazer.,1,1,2,1,4,7,2,1,7,3,1
488,Problem solver. Proud music guru. Amateur internet geek. Food evangelist. Unapologetic bacon lover.,3,4,3,1,4,4,1,3,4,1,2
489,Typical alcohol evangelist. Hardcore beer nerd. Pop culture aficionado. Infuriatingly humble tv buff. Coffee expert.,3,6,3,2,7,7,1,2,9,3,2
490,Explorer. Web scholar. Music lover. Infuriatingly humble beer fanatic.,4,4,3,1,6,2,2,3,2,2,1
491,Pop culture ninja. Travel trailblazer. Food enthusiast. Unapologetic explorer.,4,3,2,1,9,3,1,1,2,2,1
492,Typical zombie evangelist. Twitter guru. Tv geek. Avid pop culture buff. Explorer. Thinker. Proud troublemaker.,1,8,3,2,1,7,1,3,6,1,1
493,Gamer. Friendly baconaholic. Tv junkie. Twitter enthusiast. Writer. Wannabe travel buff. Award-winning music advocate.,2,1,2,2,2,6,1,2,2,2,1
494,Certified music scholar. Internet fanatic. Pop culture maven. Infuriatingly humble social media buff. Bacon specialist.,2,1,1,2,7,1,2,1,8,3,2
495,Web fan. Typical alcohol practitioner. Avid coffee maven. Proud beer ninja. Gamer. Pop culture scholar.,2,4,3,1,9,10,1,2,3,3,1
496,Friend of animals everywhere. Coffee maven. Professional food trailblazer. Twitter buff.,1,3,1,2,8,9,2,1,11,3,1
497,Analyst. Pop culture geek. Travel expert. Amateur social media maven. Freelance twitter fanatic.,2,1,2,2,6,8,2,3,3,2,2
498,Communicator. Bacon scholar. Extreme alcohol buff. Beer geek. Student. Social media lover. Amateur food fanatic.,4,6,2,1,9,1,1,2,10,1,1
499,Award-winning web nerd. Wannabe bacon junkie. Incurable reader. Analyst. Certified tv lover. Unapologetic creator.,1,2,2,1,1,1,2,3,3,3,1
500,Troublemaker. Devoted tv junkie. Bacon scholar. Total web ninja. Professional coffee fanatic.,1,1,2,2,4,1,1,1,7,3,1
501,Food geek. Zombie lover. Subtly charming musicaholic. Unapologetic writer. Evil internet junkie.,3,8,2,1,2,9,1,3,5,2,1
502,Avid music evangelist. Twitter aficionado. Zombie maven. Wannabe alcohol geek. Lifelong bacon trailblazer.,4,5,1,2,2,2,1,1,4,2,2
503,Problem solver. Proud music guru. Amateur internet geek. Food evangelist. Unapologetic bacon lover.,3,5,1,1,2,9,2,1,3,3,2
504,Typical alcohol evangelist. Hardcore beer nerd. Pop culture aficionado. Infuriatingly humble tv buff. Coffee expert.,3,4,2,2,1,6,1,3,3,2,1
505,Explorer. Web scholar. Music lover. Infuriatingly humble beer fanatic.,1,7,3,1,2,10,1,2,4,2,2
506,Pop culture ninja. Travel trailblazer. Food enthusiast. Unapologetic explorer.,4,3,1,2,9,1,1,2,10,2,1
507,Typical zombie evangelist. Twitter guru. Tv geek. Avid pop culture buff. Explorer. Thinker. Proud troublemaker.,1,8,2,1,6,7,2,2,4,3,1
508,Gamer. Friendly baconaholic. Tv junkie. Twitter enthusiast. Writer. Wannabe travel buff. Award-winning music advocate.,4,1,3,1,2,3,1,2,4,2,2
509,Certified music scholar. Internet fanatic. Pop culture maven. Infuriatingly humble social media buff. Bacon specialist.,4,3,1,1,1,8,1,3,8,3,2
510,Web fan. Typical alcohol practitioner. Avid coffee maven. Proud beer ninja. Gamer. Pop culture scholar.,2,3,2,2,7,4,1,1,2,1,2
511,Friend of animals everywhere. Coffee maven. Professional food trailblazer. Twitter buff.,2,2,2,2,4,2,1,2,1,1,2
512,Analyst. Pop culture geek. Travel expert. Amateur social media maven. Freelance twitter fanatic.,1,5,3,2,1,7,2,3,2,3,1
513,Communicator. Bacon scholar. Extreme alcohol buff. Beer geek. Student. Social media lover. Amateur food fanatic.,3,7,1,2,5,9,1,1,4,2,1
514,Award-winning web nerd. Wannabe bacon junkie. Incurable reader. Analyst. Certified tv lover. Unapologetic creator.,1,3,3,1,7,8,2,1,4,3,2
515,Troublemaker. Devoted tv junkie. Bacon scholar. Total web ninja. Professional coffee fanatic.,4,6,2,1,7,6,2,3,3,2,2
516,Food geek. Zombie lover. Subtly charming musicaholic. Unapologetic writer. Evil internet junkie.,1,1,3,2,1,8,1,2,5,2,2
517,Avid music evangelist. Twitter aficionado. Zombie maven. Wannabe alcohol geek. Lifelong bacon trailblazer.,4,3,2,2,8,2,2,1,2,3,2
518,Problem solver. Proud music guru. Amateur internet geek. Food evangelist. Unapologetic bacon lover.,3,3,1,1,2,10,1,1,9,2,2
519,Typical alcohol evangelist. Hardcore beer nerd. Pop culture aficionado. Infuriatingly humble tv buff. Coffee expert.,3,1,3,2,2,7,2,3,7,1,2
520,Explorer. Web scholar. Music lover. Infuriatingly humble beer fanatic.,4,1,3,1,10,6,2,1,8,3,2
521,Pop culture ninja. Travel trailblazer. Food enthusiast. Unapologetic explorer.,1,3,3,2,6,3,2,2,3,2,2
522,Typical zombie evangelist. Twitter guru. Tv geek. Avid pop culture buff. Explorer. Thinker. Proud troublemaker.,4,6,1,1,9,7,2,2,4,2,1
523,Gamer. Friendly baconaholic. Tv junkie. Twitter enthusiast. Writer. Wannabe travel buff. Award-winning music advocate.,3,7,2,1,5,6,2,1,7,3,2
524,Certified music scholar. Internet fanatic. Pop culture maven. Infuriatingly humble social media buff. Bacon specialist.,2,8,3,1,6,4,1,3,1,2,2
525,Web fan. Typical alcohol practitioner. Avid coffee maven. Proud beer ninja. Gamer. Pop culture scholar.,3,8,1,1,3,10,2,1,6,2,2
526,Friend of animals everywhere. Coffee maven. Professional food trailblazer. Twitter buff.,4,6,3,1,6,1,1,1,1,2,1
527,Analyst. Pop culture geek. Travel expert. Amateur social media maven. Freelance twitter fanatic.,2,7,1,1,7,4,2,3,10,2,2
528,Communicator. Bacon scholar. Extreme alcohol buff. Beer geek. Student. Social media lover. Amateur food fanatic.,3,2,1,1,4,8,1,3,9,3,1
529,Award-winning web nerd. Wannabe bacon junkie. Incurable reader. Analyst. Certified tv lover. Unapologetic creator.,4,1,1,1,2,10,2,2,2,2,1
530,Troublemaker. Devoted tv junkie. Bacon scholar. Total web ninja. Professional coffee fanatic.,1,3,1,1,8,5,2,1,9,2,2
531,Food geek. Zombie lover. Subtly charming musicaholic. Unapologetic writer. Evil internet junkie.,2,2,3,2,1,3,1,1,4,3,2
532,Avid music evangelist. Twitter aficionado. Zombie maven. Wannabe alcohol geek. Lifelong bacon trailblazer.,3,1,1,1,2,7,1,3,10,1,2
533,Problem solver. Proud music guru. Amateur internet geek. Food evangelist. Unapologetic bacon lover.,3,5,2,1,9,8,1,1,3,3,1
534,Typical alcohol evangelist. Hardcore beer nerd. Pop culture aficionado. Infuriatingly humble tv buff. Coffee expert.,4,3,3,2,4,5,1,2,7,3,2
535,Explorer. Web scholar. Music lover. Infuriatingly humble beer fanatic.,4,4,3,2,2,4,2,1,1,2,2
536,Pop culture ninja. Travel trailblazer. Food enthusiast. Unapologetic explorer.,1,4,2,2,4,7,2,2,4,2,2
537,Typical zombie evangelist. Twitter guru. Tv geek. Avid pop culture buff. Explorer. Thinker. Proud troublemaker.,3,3,3,2,10,3,2,2,7,2,2
538,Gamer. Friendly baconaholic. Tv junkie. Twitter enthusiast. Writer. Wannabe travel buff. Award-winning music advocate.,4,6,3,2,9,7,2,1,11,1,1
539,Certified music scholar. Internet fanatic. Pop culture maven. Infuriatingly humble social media buff. Bacon specialist.,4,4,3,1,6,1,2,1,6,3,2
